{"mountain_name": "용화산", "mnt_code": 421302101, "blackyak_id": 62, "track": [[127.938448725, 37.3267746334], [127.938449662, 37.3268500135], [127.938428961, 37.3269371639], [127.938394026, 37.3270476234], [127.938358442, 37.3271058958], [127.938272463, 37.3271993627], [127.938208052, 37.3272752611], [127.938158089, 37.327345246], [127.938101154, 37.3274384825], [127.938051552, 37.3275374596], [127.937994546, 37.3276248968], [127.937929844, 37.3276776011], [127.937857738, 37.3277187664], [127.937741992, 37.3277544786], [127.937597491, 37.327813614], [127.937497277, 37.3279303894], [127.937469457, 37.3280291937], [127.937470466, 37.3281103721], [127.937528383, 37.3281959596], [127.937590324, 37.3283971567], [127.937635225, 37.3284610566], [127.937654528, 37.328592456], [127.937652529, 37.3286322564], [127.93771713, 37.3287071554], [127.937793623, 37.3288667243], [127.937938384, 37.3290328015], [127.938056567, 37.3291089631], [127.938216386, 37.3291134947], [127.938376134, 37.3291122277], [127.938514241, 37.3291227299], [127.938615898, 37.3291219235], [127.938724528, 37.3290978654], [127.938840347, 37.3290679513], [127.938948831, 37.3290322965], [127.939043373, 37.3290431438], [127.939242096, 37.3292561314], [127.939396531, 37.3294114801], [127.939630191, 37.3295140072], [127.939765005, 37.3295810403], [127.939809371, 37.3295940452], [127.938056567, 37.3291089631], [127.938050388, 37.3291959973], [127.938044497, 37.3293062264], [127.937988065, 37.3294400516], [127.93798929, 37.3295386256], [127.938026822, 37.3296369119], [127.938071543, 37.3297293423], [127.938087364, 37.3298336004], [127.938103616, 37.329972648], [127.938113184, 37.3301581421], [127.938101619, 37.330395995], [127.938008807, 37.3305243098], [127.937971268, 37.3308313113], [127.937884088, 37.3310851014], [127.937852872, 37.3312872953], [127.937847773, 37.3313572344], [127.937936691, 37.3315367555], [127.938005703, 37.3317220324], [127.938062555, 37.3318410478], [127.938063355, 37.3319910372], [127.938101393, 37.3321299121], [127.938112597, 37.3323110773], [127.938108694, 37.3323363696], [127.93807071, 37.3325824814], [127.938023556, 37.3328786066], [127.937981501, 37.33300072], [127.937834433, 37.3331199304], [127.937785404, 37.3332652952], [127.937715368, 37.3333695896], [127.937680069, 37.3334510557], [127.937637581, 37.3335383786], [127.937551449, 37.3336202475], [127.937443461, 37.3336964908], [127.937323809, 37.3338409959], [127.939809371, 37.3295940452], [127.939803379, 37.3295408221], [127.939870403, 37.3292741974], [127.939936332, 37.3290681916], [127.94001263, 37.3288029717], [127.940032015, 37.3287244685], [127.940041463, 37.3285913473], [127.940060756, 37.328505454], [127.94010158, 37.3283646916], [127.940029013, 37.3281863954], [127.940002288, 37.3281215627], [127.939997684, 37.3280491634], [127.940030487, 37.3280075109], [127.94007421, 37.3279509888], [127.940160029, 37.3278556965], [127.939809371, 37.3295940452], [127.939960228, 37.3296489691], [127.940032603, 37.3296631768], [127.940169875, 37.3296857391], [127.940409193, 37.3297267075], [127.94055545, 37.3297293228], [127.935619809, 37.3296731553], [127.935642397, 37.329576539], [127.935665331, 37.3295076816], [127.935680806, 37.3294845153], [127.935692838, 37.3294444509], [127.935710617, 37.3293525605], [127.935714319, 37.3293136152], [127.935711343, 37.3292144927], [127.935712941, 37.3291752118], [127.935720923, 37.3291359741], [127.935731931, 37.3291107572], [127.935780135, 37.3290463788], [127.935796855, 37.3290176903], [127.935831779, 37.3289409552], [127.935852055, 37.3289132512], [127.935880842, 37.3288900966], [127.935909142, 37.328876984], [127.935941251, 37.3288664523], [127.936035578, 37.328840606], [127.936073497, 37.328824943], [127.936133549, 37.3287909759], [127.936179149, 37.3287750872], [127.936214255, 37.3287679726], [127.936261848, 37.328764029], [127.936296869, 37.328767964], [127.936384968, 37.3287923551], [127.936427694, 37.3287980059], [127.936486779, 37.3287947073], [127.936530094, 37.3288006381], [127.936561961, 37.3288098607], [127.936613232, 37.3288279686], [127.936655832, 37.3288445684], [127.936716506, 37.328871901], [127.936824077, 37.3288803764], [127.936893009, 37.3289091094], [127.93693712, 37.3289248331], [127.937003184, 37.3289403837], [127.937043417, 37.3289386036], [127.937103704, 37.3289308199], [127.937136492, 37.3289188707], [127.93718752, 37.3289023935], [127.93725123, 37.3288755877], [127.937289161, 37.3288358352], [127.937334448, 37.3287989471], [127.937370694, 37.3287708974], [127.937428933, 37.3287455954], [127.937520195, 37.3287273388], [127.937629844, 37.3287162409], [127.93771713, 37.3287071554], [127.94055545, 37.3297293228], [127.940546697, 37.3296984872], [127.940545396, 37.3296695079], [127.940551547, 37.3296423866], [127.940569564, 37.3296100822], [127.940593423, 37.3295581202], [127.940629032, 37.3295122375], [127.94064162, 37.3294842641], [127.940648245, 37.3294257212], [127.940660692, 37.3293753023], [127.940634238, 37.329303976], [127.940639039, 37.3292776845], [127.940652304, 37.3292537998], [127.940681598, 37.3292283065], [127.940764735, 37.3292079505], [127.940831117, 37.3291803097], [127.94087424, 37.3291544189], [127.940908942, 37.3291256705], [127.940938966, 37.3290926731], [127.940982739, 37.3290758178], [127.941044738, 37.3290582165], [127.941098638, 37.329019816], [127.941209837, 37.328976215], [127.941356734, 37.3288723125], [127.941468632, 37.3287420115], [127.941516732, 37.3287091108], [127.941602931, 37.3286737102], [127.941655232, 37.3286824093], [127.94185963, 37.3285908067], [127.941906629, 37.3285589065], [127.941966628, 37.3284642059], [127.941984226, 37.3284091057], [127.942045226, 37.3283672047], [127.942101725, 37.3283070041], [127.942185624, 37.328268903], [127.942358023, 37.328163451], [127.942440521, 37.3281291001], [127.942461721, 37.3281043997], [127.942451321, 37.3280652999], [127.942444769, 37.3279862497], [127.942431367, 37.3279043501], [127.942443806, 37.3278727665], [127.942437416, 37.3278477993], [127.94055545, 37.3297293228], [127.940595648, 37.3297339182], [127.940662751, 37.3297731215], [127.940730452, 37.3298141211], [127.940778013, 37.3298502514], [127.94080968, 37.3298635839], [127.940847585, 37.3298610498], [127.940937497, 37.3298371656], [127.940981091, 37.3298412347], [127.941027898, 37.3298603834], [127.941062164, 37.3298639077], [127.941099053, 37.3298588164], [127.941142463, 37.3298443525], [127.941183035, 37.329818171], [127.941210844, 37.329783319], [127.941263951, 37.3297584145], [127.941320124, 37.3297418424], [127.941368584, 37.3297413145], [127.941398452, 37.3297635126], [127.941422652, 37.329781113], [127.941459447, 37.3298126092], [127.941486944, 37.3298588604], [127.941479971, 37.3298954748], [127.94148407, 37.3299273052], [127.94149816, 37.3299523607], [127.941522855, 37.3299838117], [127.941551088, 37.3300105729], [127.94160204, 37.3300417204], [127.941689214, 37.3300710082], [127.94172622, 37.3300967156], [127.941749449, 37.3301238346], [127.941770713, 37.3301579691], [127.94179306, 37.330204008], [127.941813986, 37.3302536487], [127.941848861, 37.3302983075], [127.941878962, 37.3303425079], [127.941893329, 37.3303711227], [127.941906629, 37.3304103401], [127.941910845, 37.3304537068], [127.941905153, 37.3304791504], [127.941873266, 37.330555608], [127.941851768, 37.3306471081], [127.941835723, 37.3307011084], [127.941835369, 37.3307366484], [127.941845525, 37.3307717057], [127.94186197, 37.3308022078], [127.941461576, 37.3311415125], [127.94144488, 37.3311197944], [127.941419134, 37.3311395798], [127.941349353, 37.3311853012], [127.94130261, 37.3312077062], [127.941248045, 37.3312180152], [127.941194775, 37.3312199203], [127.941132886, 37.3312090474], [127.941096495, 37.3312081494], [127.941022056, 37.3312201031], [127.940957807, 37.3312185067], [127.940909379, 37.3312114721], [127.940876135, 37.3312037924], [127.940842854, 37.3311940208], [127.940795973, 37.3311775575], [127.940751673, 37.3311572382], 