{"mountain_name": "청화산", "mnt_code": 437603301, "blackyak_id": 83, "track": [[127.923738557, 36.6049561497], [127.9235417, 36.6048857139], [127.923347914, 36.6048102555], [127.92321951, 36.6047515177], [127.923187144, 36.6047389763], [127.923157164, 36.6047297586], [127.923115247, 36.604719571], [127.923082414, 36.6047139429], [127.923043905, 36.604712667], [127.923000981, 36.6047180132], [127.922960088, 36.604727569], [127.922861873, 36.6047554476], [127.922811895, 36.6047652233], [127.922682822, 36.6047805098], [127.922636747, 36.6047832374], [127.922595206, 36.6047832959], [127.922553276, 36.6047804405], [127.922506789, 36.6047743277], [127.92236431, 36.6047468285], [127.922290129, 36.6047311782], [127.922153619, 36.6046992739], [127.921881733, 36.6046357976], [127.921623533, 36.6045831443], [127.921542007, 36.60456738], [127.921488773, 36.6045539633], [127.921431935, 36.604536705], [127.921370085, 36.6045152449], [127.921292785, 36.6044859653], [127.92115994, 36.6044296097], [127.921044589, 36.6043866309], [127.92101069, 36.6043726725], [127.920973879, 36.6043535597], [127.920935367, 36.6043230475], [127.920906185, 36.6042889471], [127.9208574, 36.6042106159], [127.920842188, 36.60417992], [127.920820108, 36.6041182899], [127.920809753, 36.6040940238], [127.92078754, 36.6040609022], [127.920738197, 36.6040188953], [127.920537956, 36.6038523936], [127.920507652, 36.6038291096], [127.920427569, 36.6037735423], [127.920392823, 36.6037472081], [127.920360399, 36.603717312], [127.920337105, 36.6036879454], [127.920323402, 36.6036624733], [127.920312303, 36.6036321898], [127.920289885, 36.6035339348], [127.92028154, 36.6035039302], [127.920206586, 36.6032923988], [127.920150804, 36.6030899413], [127.920115033, 36.6029672549], [127.920100576, 36.6029003709], [127.920074317, 36.6027493108], [127.919995059, 36.602380177], [127.919945641, 36.6021605726], [127.919924083, 36.6020559896], [127.919904797, 36.6019430574], [127.919861778, 36.6016544173], [127.919812348, 36.6014191877], [127.919808102, 36.6013900236], [127.919803742, 36.6013600693], [127.919800117, 36.6013069634], [127.919802137, 36.6012401603], [127.919816632, 36.6010826138], [127.919821877, 36.6009574561], [127.919823467, 36.6008506075], [127.919821011, 36.6007504303], [127.919810207, 36.6005414383], [127.919803731, 36.6002908214], [127.919796212, 36.60017042], [127.919793826, 36.6001259092], [127.919792715, 36.6000178045], [127.919788466, 36.5999661722], [127.91978324, 36.5999377041], [127.91977589, 36.5999123352], [127.919760275, 36.5998793913], [127.919736954, 36.5998477171], [127.919714972, 36.5998269954], [127.91968812, 36.5998068303], [127.91965589, 36.5997868365], [127.9195929, 36.5997547151], [127.919459422, 36.5996960789], [127.919406717, 36.5996708589], [127.919269774, 36.5996043628], [127.919011398, 36.5994883454], [127.918749794, 36.5993667753], [127.918674716, 36.5993338544], [127.918606492, 36.5993059044], [127.918544129, 36.5992846719], [127.918412496, 36.5992485229], [127.918358112, 36.599231474], [127.918304101, 36.5992095958], [127.918259851, 36.599184867], [127.918228775, 36.5991621426], [127.918172733, 36.5991159519], [127.917991317, 36.598968187], [127.917862797, 36.5988554587], [127.917793193, 36.5987890107], [127.917719191, 36.5987140451], [127.917523, 36.5985024127], [127.917486013, 36.5984596001], [127.917376279, 36.5983243737], [127.917337549, 36.5982833406], [127.917299453, 36.5982489844], [127.917269713, 36.5982261602], [127.91718339, 36.5981648282], [127.917131661, 36.5981229967], [127.917028425, 36.5980345804], [127.916854102, 36.5978890173], [127.916823715, 36.5978603408], [127.916733515, 36.5977676508], [127.916701517, 36.5977410286], [127.916669918, 36.5977203344], [127.916629422, 36.5977000275], [127.916582054, 36.597681173], [127.916527023, 36.5976633902], [127.916458066, 36.5976446458], [127.916406045, 36.5976340225], [127.916346844, 36.5976270156], [127.916286579, 36.5976234402], [127.916125291, 36.5976182075], [127.916077822, 36.5976145471], [127.916035738, 36.5976092342], [127.915908371, 36.5975855362], [127.915718511, 36.5975420857], [127.91547808, 36.5974820789], [127.915285681, 36.5974294333], [127.91520674, 36.5974091005], [127.915160672, 36.5973994664], [127.915100172, 36.5973918056], [127.915032649, 36.5973884529], [127.914957051, 36.5973891532], [127.914853765, 36.5973940912], [127.914782659, 36.5974003158], [127.91470375, 36.5974115861], [127.91441354, 36.5974670562], [127.914129799, 36.5975200709], [127.914057576, 36.5975315932], [127.913992488, 36.5975398716], [127.913848426, 36.5975559583], [127.91380291, 36.5975580671], [127.913762559, 36.5975570988], [127.913709226, 36.5975500185], [127.913650927, 36.597535234], [127.913596648, 36.5975168007], [127.91347357, 36.5974699944], [127.913416115, 36.5974515096], [127.913253987, 36.5974089266], [127.912964113, 36.5973389957], [127.912852871, 36.5973130705], [127.912507543, 36.5972366967], [127.912397747, 36.597209211], [127.912300631, 36.5971817091], [127.91215623, 36.5971343068], [127.911867353, 36.5970303892], [127.911536738, 36.5969098384], [127.911447639, 36.5968802588], [127.911366689, 36.5968563875], [127.911215586, 36.5968130191], [127.911141206, 36.5967941823], [127.911067757, 36.5967804594], [127.911001348, 36.5967741313], [127.910943486, 36.5967741455], [127.910878721, 36.5967789893], [127.910810186, 36.5967878105], [127.91068531, 36.5968074737], [127.910631613, 36.5968181134], [127.910527452, 36.5968451307], [127.910484319, 36.5968548678], [127.910439073, 36.5968617925], [127.910398308, 36.596863789], [127.910360233, 36.5968616504], [127.910317664, 36.5968559066], [127.910177332, 36.5968268174], [127.910108935, 36.5968121164], [127.909917732, 36.5967669457], [127.909812071, 36.5967460653], [127.909578374, 36.5967049122], [127.90947569, 36.5966852704], [127.909316973, 36.5966590021], [127.909267857, 36.5966495412], [127.909213373, 36.5966352517], [127.90916806, 36.5966180311], [127.909140675, 36.596603971], [127.90911377, 36.5965870055], [127.909087061, 36.5965669595], [127.909060011, 36.5965434342], [127.909018207, 36.5965013729], [127.908928404, 36.5964002252], [127.908886928, 36.5963572945], [127.908694157, 36.5961632388], [127.908624973, 36.5960964101], [127.908480436, 36.5959516194], [127.90842361, 36.5958990276], [127.908390664, 36.5958721265], [127.908358711, 36.5958490466], [127.90832714, 36.595829351], [127.908295634, 36.595812844], [127.908247043, 36.5957933259], [127.908192979, 36.5957782749], [127.908132872, 36.595767524], [127.908065524, 36.5957608553], [127.908012037, 36.5957584811], [127.907952058, 36.5957579946], [127.90767715, 36.5957660306], [127.907612991, 36.595766175], [127.907556739, 36.5957643506], [127.907105966, 36.5957467135], [127.906942758, 36.5957380975], [127.9067806, 36.5957256291], [127.906366857, 36.5956883562], [127.906276605, 36.5956832853], [127.906062879, 36.5956781079], [127.905967346, 36.5956733762], [127.905915629, 36.5956688393], [127.905867971, 36.5956629082], [127.905823407, 36.5956554613], [127.90578146, 36.5956464158], [127.905715894, 36.5956274807], [127.905644993, 36.5956009817], [127.905577683, 36.5955716123], [127.905410654, 36.5954937548], [127.905318988, 36.5954566343], [127.905258861, 36.5954365574], [127.905103164, 36.5953889448], [127.905020594, 36.5953583871], [127.904967694, 36.5953333946], [127.904855461, 36.5952735416], [127.904808399, 36.5952517532], [127.904703034, 36.5952063576], [127.904653904, 36.5951989729], [127.904621059, 36.5952025329], [127.904539582, 36.5952228667], [127.904453136, 36.5952407124], [127.904405715, 36.5952548097], [127.904374706, 36.5952686329], [127.904342237, 36.5952874403], [127.904234398, 36.5953643547], [127.904118684, 36.5954454036], [127.903901622, 36.5956065656], [127.90372738, 36.5957413191], [127.903679966, 36.5957744115], [127.903635418, 36.595801879], [127.903573044, 36.5958371546], [127.903530583, 36.5958567964], [127.903496114, 36.5958683693], [127.903456253, 36.5958781503], [127.903411625, 