{"mountain_name": "희양산", "mnt_code": 437603201, "blackyak_id": null, "track": [[127.99319936, 36.7144049263], [127.992798185, 36.7142938413], [127.992211921, 36.7144146564], [127.991787864, 36.7143484797], [127.991448782, 36.7143937575], [127.991045969, 36.7145480387], [127.990664421, 36.7145873439], [127.990348274, 36.7144868886], [127.989904402, 36.7145510339], [127.989474834, 36.7146430068], [127.989103632, 36.7146452611], [127.988726884, 36.7145589268], [127.988507005, 36.7143443398], [127.988203673, 36.7141835932], [127.98789044, 36.7140271478], [127.987535307, 36.7138420062], [127.987441619, 36.7135108886], [127.987268171, 36.7132461281], [127.987055271, 36.7130425837], [127.987041602, 36.7127400488], [127.986808734, 36.7124598463], [127.986367724, 36.71220595], [127.985844171, 36.711927353], [127.985472477, 36.7118115917], [127.985033059, 36.7119103072], [127.984678888, 36.7119912762], [127.984310064, 36.7121461564], [127.984036581, 36.7123092879], [127.983864212, 36.712545565], [127.983376769, 36.712704162], [127.983007033, 36.7126935843], [127.98257287, 36.712578038], [127.982306501, 36.712305411], [127.981902349, 36.7120754998], [127.981630411, 36.7118542224], [127.981390242, 36.7116183912], [127.98114283, 36.7112516117], [127.981037089, 36.7108603936], [127.981022161, 36.7105334568], [127.980941507, 36.7102632669], [127.980804121, 36.7097843252], [127.980626492, 36.7093343902], [127.980439667, 36.7090850507], [127.980142988, 36.7089707687], [127.979732282, 36.7087989664], [127.979225852, 36.7088151017], [127.978669205, 36.7089223523], [127.9781277, 36.7092694818], [127.977870243, 36.7096946807], [127.977665247, 36.7100470043], [127.977714898, 36.7105242663], [127.97747506, 36.7108943054], [127.977087629, 36.7112445], [127.97694465, 36.711584627], [127.97676597, 36.7119207937], [127.976499406, 36.7122784899], [127.97612058, 36.7125583285], [127.975866563, 36.7127666569], [127.975924875, 36.7130411378], [127.976002144, 36.7134366813], [127.97589066, 36.7137950742], [127.975556322, 36.7140522353], [127.97524315, 36.7142692408], [127.974999989, 36.7143661976], [127.974820992, 36.7144375683], [127.974430921, 36.7145600528], [127.974562963, 36.7148065547], [127.974440753, 36.7151410057], [127.974264044, 36.7153871868], [127.974125889, 36.715625092], [127.974180154, 36.7160009585], [127.97424213, 36.7163151391], [127.974192523, 36.7166438322], [127.974150293, 36.7169094302], [127.974130984, 36.7172236002], [127.973933475, 36.7175526908], [127.973982492, 36.7179880656], [127.974092802, 36.7184222883], [127.97380725, 36.7188093875], [127.973606843, 36.7191973611], [127.973561728, 36.7196930183], [127.973630535, 36.7200432327], [127.973719262, 36.7204043971], [127.973979489, 36.7208224152], [127.974257025, 36.7212357243], [127.974384978, 36.7215283223], [127.974460926, 36.7218038522], [127.974775479, 36.7220724938], [127.974999988, 36.7223044887], [127.975152474, 36.722462057], [127.975516661, 36.7226774249], [127.975826494, 36.7228217613], [127.976118515, 36.7230239197], [127.976528515, 36.7233063181], [127.976566198, 36.72332268], [127.976615429, 36.7233440562], [127.976908211, 36.7235456738], [127.97704488, 36.7238024006], [127.977437319, 36.7239188571], [127.977696847, 36.7241063735], [127.978019309, 36.7243620351], [127.978253713, 36.7246509758], [127.978625785, 36.7248539585], [127.978984037, 36.7249305691], [127.979048548, 36.7250003133], [127.979211902, 36.7251769186], [127.97954338, 36.7253279298], [127.979798875, 36.7255260471], [127.980026951, 36.7257245168], [127.980237075, 36.725917084], [127.980547467, 36.7263855582], [127.98114599, 36.7266217363], [127.98162664, 36.7269655794], [127.981998019, 36.7271839972], [127.982255847, 36.7273504114], [127.982499175, 36.7275996355], [127.982730283, 36.7279701245], [127.982957937, 36.7282046415], [127.983174487, 36.7284996578], [127.983361835, 36.7287348503], [127.983777358, 36.7287921494], [127.984109637, 36.7288494019], [127.984413882, 36.7288242406], [127.984754485, 36.7286730528], [127.985150797, 36.7287867905], [127.985498017, 36.7289832728], [127.985772212, 36.7291200503], [127.98609831, 36.7291911521], [127.986407292, 36.7292591186], [127.986624994, 36.7293070062], [127.9868025, 36.7292528517], [127.986980186, 36.7291782804], [127.987207007, 36.7291182773], [127.987519453, 36.7291594788], [127.987866152, 36.7291935703], [127.988212733, 36.7292051401], [127.988436895, 36.7292222004], [127.988497147, 36.7292089397], [127.988547249, 36.7291894503], [127.988626616, 36.7291715866], [127.988794555, 36.7291221961], [127.989012199, 36.7290075276], [127.989283141, 36.729005947], [127.989533819, 36.7289522624], [127.989698429, 36.7286798995], [127.989799269, 36.7284383189], [127.990028141, 36.7283329139], [127.990189977, 36.7279506798], [127.990327653, 36.72788094], [127.990588593, 36.7280325359], [127.990767184, 36.728089864], [127.990931439, 36.7280910673], [127.99113395, 36.7280304275], [127.991252551, 36.7278884388], [127.991333092, 36.7277333139], [127.991467979, 36.7275089672], [127.991629245, 36.7273168621], [127.991801926, 36.7270281753], [127.99194482, 36.7266899579], [127.992295706, 36.7262384727], [127.992346958, 36.72616979], [127.992388318, 36.7261143645], [127.992424885, 36.7260653604], [127.992528519, 36.7260548176]], "waypoints": [{"coordinates": [127.992528519, 36.7260548176], "name": "PMNTN_SPOT_희양산_437603201", "elevation": 0.0}, {"coordinates": [127.99319936, 36.7144049263], "name": "PMNTN_SPOT_희양산_437603201", "elevation": 0.0}], "center": [127.983380544, 36.7190529863], "bounds": {"southwest": [127.973561728, 36.7087989664], "northeast": [127.99319936, 36.7293070062]}, "total_distance_km": 5.6, "point_count": 164, "waypoint_count": 2, "summit": null}