{"mountain_name": "대둔산", "mnt_code": 447103401, "blackyak_id": 22, "track": [[127.340757883, 36.1264426102], [127.340625333, 36.1266044146], [127.340511431, 36.1267434553], [127.340388221, 36.1268938569], [127.340298068, 36.1269662729], [127.340202733, 36.1270147692], [127.340146689, 36.1270718686], [127.340122614, 36.1271294982], [127.340096837, 36.127211065], [127.340013573, 36.1272964919], [127.339916436, 36.127338207], [127.339834333, 36.1274039299], [127.339815092, 36.1274945642], [127.339823123, 36.1275952867], [127.339840054, 36.1277165073], [127.339880754, 36.127846695], [127.339935039, 36.1279811943], [127.339955596, 36.1281416369], [127.339969248, 36.1282498587], [127.339976607, 36.1283230962], [127.339989267, 36.1284085688], [127.340012297, 36.1285000754], [127.340044634, 36.1285593958], [127.340111801, 36.1286132047], [127.340157486, 36.1286418695], [127.340166202, 36.1286848649], [127.340145535, 36.1287317784], [127.340106462, 36.1287778807], [127.340074805, 36.128833696], [127.34009749, 36.1288835739], [127.340107674, 36.1289465188], [127.340070163, 36.1290278072], [127.339997751, 36.1291110601], [127.339936023, 36.1291778707], [127.339865843, 36.1292370189], [127.339828837, 36.1293002049], [127.339821705, 36.1293635991], [127.33980787, 36.1294231758], [127.339760165, 36.1294707887], [127.339598881, 36.1295707954], [127.339426672, 36.1297375188], [127.339289948, 36.1298442768], [127.33907901, 36.1300082129], [127.338937712, 36.1301357581], [127.338816169, 36.1302146234], [127.338736022, 36.1302876002], [127.338648007, 36.130371894], [127.338548511, 36.1304649512], [127.338455175, 36.1305311141], [127.33841264, 36.1305562311], [127.338355137, 36.130546756], [127.338320699, 36.1305185463], [127.338279477, 36.1305075877], [127.338235401, 36.130537417], [127.338197026, 36.1305787349], [127.338148069, 36.1305850284], [127.33809491, 36.1305766332], [127.338039952, 36.1305907075], [127.337971635, 36.130597708], [127.337909385, 36.130599668], [127.337824043, 36.1306320485], [127.337721058, 36.1306476117], [127.337635834, 36.1306274946], [127.337555173, 36.1306013751], [127.337468768, 36.1305801833], [127.33739431, 36.1305785221], [127.337325471, 36.1305649779], [127.33726085, 36.1305469699], [127.33718956, 36.1305320789], [127.337122145, 36.1305082127], [127.337057382, 36.1304744437], [127.337008568, 36.1304480657], [127.336969919, 36.130401709], [127.336957386, 36.1303731561], [127.336929265, 36.1303513754], [127.336868341, 36.130335362], [127.336810848, 36.1303222912], [127.336758455, 36.1302916153], [127.336715132, 36.1302608094], [127.33667683, 36.1302261908], [127.33661245, 36.1301795926], [127.336569501, 36.1301860362], [127.336537872, 36.1302049748], [127.336471301, 36.1302373214], [127.336399308, 36.1302528145], [127.336336845, 36.1302445293], [127.336286076, 36.1302304895], [127.3362477, 36.1301923445], [127.336210758, 36.1301550705], [127.336158036, 36.1301178526], [127.336121611, 36.1300763514], [127.336069846, 36.130069852], [127.336017197, 36.1300487852], [127.335990659, 36.1300182627], [127.335975222, 36.1299782157], [127.335927933, 36.1299604701], [127.335867621, 36.1299317969], [127.335834031, 36.1298913727], [127.335817153, 36.1298424132], [127.335792176, 36.1298196195], [127.335723252, 36.129789962], [127.335661923, 36.1297635725], [127.335597231, 36.1297236013], [127.335528517, 36.1296724437], [127.335469073, 36.1296153195], [127.335407461, 36.1295699575], [127.335326678, 36.1295516944], [127.33524509, 36.1295736257], [127.33517849, 36.1295928375], [127.3350999, 36.1296097298], [127.335019785, 36.1296251357], [127.334933905, 36.129618359], [127.334856221, 36.1296022427], [127.334783774, 36.1296171151], [127.334697745, 36.1296157558], [127.3346144, 36.1296041161], [127.334514319, 36.1296165665], [127.334428184, 36.1296222729], [127.334328199, 36.1296035761], [127.334222587, 36.1296105046], [127.334108609, 36.129630259], [127.334025279, 36.1296315512], [127.333919585, 36.1296331914], [127.333841873, 36.1296537645], [127.333775125, 36.1296755606], [127.333681637, 36.1297048112], [127.3336375, 36.129758201], [127.333587909, 36.1298056031], [127.333507778, 36.1298425009], [127.333419676, 36.12986882], [127.333350354, 36.1299246455], [127.333222521, 36.1299566688], [127.333131084, 36.129965581], [127.333023247, 36.1299465364], [127.332913976, 36.1299095184], [127.332820686, 36.129887077], [127.332687364, 36.1298598407], [127.332603712, 36.1298689868], [127.332476429, 36.1298990098], [127.332367373, 36.1298946217], [127.332280707, 36.1298776202], [127.332179906, 36.1298366595], [127.332105584, 36.1297956316], [127.332005153, 36.1297517066], [127.331921676, 36.129697549], [127.331794114, 36.1296448356], [127.331682835, 36.1295935721], [127.331566435, 36.1295734432], [127.331466256, 36.1295581989], [127.331337762, 36.1295378284], [127.331235207, 36.1295213504], [127.331125155, 36.1295154535], [127.330977055, 36.1295227741], [127.33085226, 36.1295289434], [127.330729482, 36.1295262057], [127.330607189, 36.1295303095], [127.330501708, 36.1295486878], [127.330417478, 36.1295711954], [127.330355017, 36.1296024252], [127.330284754, 36.1296433536], [127.330232451, 36.1296891279], [127.33018059, 36.1297384084], [127.330127881, 36.1297842576], [127.330077797, 36.1298296255], [127.330036487, 36.129878], [127.329989701, 36.1299091855], [127.329921513, 36.1299207646], [127.329858019, 36.1299285863], [127.329814567, 36.1299766755], [127.329762779, 36.1300071952], [127.32969753, 36.1300270815], [127.329617582, 36.1300395598], [127.329518262, 36.1300875395], [127.329447684, 36.1301245625], [127.329356801, 36.1301519703], [127.329269798, 36.1301520149], [127.329202853, 36.1301369134], [127.329119019, 36.1301095443], [127.329056748, 36.130072134], [127.328999538, 36.1300719063], [127.328930979, 36.1300998753], [127.3288559, 36.130139057], [127.328785108, 36.1301631316], [127.328725101, 36.1301672616], [127.32865517, 36.1301544211], [127.328592742, 36.130163937], [127.328563734, 36.1302063518], [127.328516557, 36.1302384903], [127.328436997, 36.1302490048], [127.328384361, 36.1302971638], [127.328318258, 36.1303739054], [127.328210234, 36.1304336263], [127.328102902, 36.1304855921], [127.328021719, 36.1304922599], [127.327951246, 36.1304690998], [127.327904725, 36.130439891], [127.327848974, 36.1304440811], [127.327819421, 36.130474302], [127.32779884, 36.1305149884], [127.327755428, 36.130555321], [127.327685928, 36.1305952031], [127.32763159, 36.1306327664], [127.32756533, 36.1306520821], [127.327490703, 36.1306525998], [127.327436921, 36.1306532713], [127.327379552, 36.1306975378], [127.327332754, 36.1307163955], [127.327259804, 36.1307539491], [127.327194961, 36.1307909866], [127.32709876, 36.1308037924], [127.327027296, 36.1307910759], [127.326916205, 36.1307704927], [127.326783069, 36.1307465549], [127.326700243, 36.130750957], [127.326577194, 36.1308443767], [127.326437756, 36.1308585876], [127.326294894, 36.1308300724], [127.326114256, 36.1307811906], [127.325922271, 36.1307499554], [127.325787952, 36.1307512112], [127.325648242, 36.1307588296], [127.325537821, 36.1307647876], [127.325415061, 36.1307415212], [127.325333487, 36.1307025005], [127.32524802, 36.1306715102], [127.325166129, 36.130674529], [127.325092614, 36.1307176153], [127.325016559, 36.1307375527], [127.324965342, 36.1307789851], [127.324884687, 36.1308089132], [127.324790427, 36.1308421287], [127.324656656, 36.1308883395], [127.324523329, 36.1308949318], [127.324370021, 36.1308585723], [127.324257117, 36.130807026], [127.324174138, 36.1307622874], [127.324071961, 36.1307208072], [127.323972626, 36.1306686021], [127.323863942, 36.1306328584], [127.323763656, 36.13059191], [127.323667045, 36.1305530136], [127.323558067, 36.1305397321], [127.323455382, 36.1305377754], [127.323352975, 36.1305574774], [127.323270048, 36.1306047111], [127.323203106, 36.1306351282], [127.323116568, 36.1306490159], [127.323033586, 36.1306538458], [127.322927503, 36.1306525142], [127.322858056, 