{"mountain_name": "백운산(광양)", "mnt_code": 457301401, "blackyak_id": 42, "track": [[127.785982933, 36.0108523543], [127.785926303, 36.010810895], [127.78587768, 36.0107563942], [127.785814765, 36.010696477], [127.785758451, 36.0106273918], [127.785634415, 36.01059992], [127.785484365, 36.0105887798], [127.78539889, 36.010530334], [127.785238388, 36.010524944], [127.785133998, 36.0104916267], [127.784985485, 36.0104634961], [127.784846092, 36.0104058408], [127.784707415, 36.0103005393], [127.784634263, 36.0101878922], [127.784553343, 36.0100820883], [127.784440304, 36.0099922718], [127.784364299, 36.009934997], [127.784315433, 36.0098769067], [127.78429938, 36.0098352291], [127.78426487, 36.0098063287], [127.784213687, 36.0097910671], [127.784132382, 36.0097424631], [127.784101353, 36.0097124539], [127.784056516, 36.0096998616], [127.784031282, 36.0096636971], [127.78400101, 36.0096265391], [127.783951303, 36.0096071709], [127.783896107, 36.0095969767], [127.783859223, 36.0095730952], [127.783788066, 36.0095908814], [127.783718383, 36.0096089292], [127.783655583, 36.0096251944], [127.783609445, 36.0096911154], [127.783545917, 36.0097379885], [127.783512114, 36.0097894384], [127.783443227, 36.0098285627], [127.783408433, 36.0098501531], [127.783358359, 36.0098462418], [127.783321522, 36.009819156], [127.783306767, 36.0097657252], [127.783280674, 36.0097125803], [127.78325818, 36.0096424827], [127.783198316, 36.0095989831], [127.783079011, 36.0094959125], [127.78302204, 36.0094503725], [127.782965012, 36.0093957135], [127.782923688, 36.0093342849], [127.782929136, 36.0092508607], [127.782886813, 36.0091861546], [127.78285161, 36.009128618], [127.782795753, 36.0090458877], [127.782760967, 36.0089939593], [127.782778722, 36.0089615], [127.782787466, 36.0089125894], [127.782771441, 36.0088732924], [127.782710725, 36.0088457224], [127.782609468, 36.0087982533], [127.782530899, 36.0087159442], [127.782473307, 36.0086433249], [127.782433105, 36.0085585151], [127.78243035, 36.0084826758], [127.782475217, 36.0083956411], [127.782543742, 36.0082724903], [127.782649355, 36.0081351954], [127.782702709, 36.0080224768], [127.78274351, 36.0078925729], [127.782797645, 36.0078080361], [127.782911002, 36.0077147504], [127.78300086, 36.0076665144], [127.783051528, 36.007579538], [127.783056115, 36.0074856942], [127.783025967, 36.007403537], [127.782981479, 36.0073297942], [127.782956873, 36.0072372892], [127.782904188, 36.0071079207], [127.78287815, 36.0069857455], [127.782871909, 36.0068980863], [127.782900889, 36.0067859312], [127.782965717, 36.0066642209], [127.782963849, 36.0065737835], [127.782921383, 36.0064905405], [127.782876681, 36.0064349305], [127.782825189, 36.0063200815], [127.782785725, 36.006210655], [127.782746645, 36.0060864958], [127.7827541, 36.0059842107], [127.782761164, 36.0058612309], [127.782788907, 36.0057468544], [127.782826468, 36.0056014906], [127.782901836, 36.005453728], [127.782953012, 36.0053034494], [127.78297184, 36.0051831749], [127.782922564, 36.005085229], [127.782884271, 36.0049871149], [127.782827339, 36.0049007886], [127.782770177, 36.0047955591], [127.782759454, 36.0046949607], [127.782779399, 36.0045564403], [127.782837914, 36.0044533506], [127.782910148, 36.0043315289], [127.782934088, 36.0042334484], [127.782981121, 36.0040978666], [127.783065836, 36.0040282748], [127.783118206, 36.003955402], [127.78321783, 36.0038501385], [127.783303471, 36.0037441813], [127.783393563, 36.0036342801], [127.783462378, 36.0035236076], [127.783526009, 36.0034186619], [127.783617024, 36.0032936233], [127.783676809, 36.0031258975], [127.783733769, 36.0029666317], [127.783758346, 36.0028800543], [127.783764552, 36.0028191688], [127.783777598, 36.0027277156], [127.783748002, 36.0026538], [127.783670362, 36.0025276642], [127.783621552, 36.0024356653], [127.783571267, 36.0023640747], [127.783524537, 36.0022779912], [127.783469754, 36.0021413205], [127.783530064, 36.0019716609], [127.783645703, 36.0018260562], [127.783713869, 36.0017153707], [127.783701156, 36.0016240921], [127.783714898, 36.0015879909], [127.78379131, 36.0015123454], [127.783813051, 36.0014428293], [127.783786356, 36.0013867918], [127.783694785, 36.0012452662], [127.783651888, 36.0011515162], [127.783636491, 36.0010788516], [127.783669726, 36.0010326386], [127.783746762, 36.0009555597], [127.783797876, 36.000813519], [127.783835164, 36.0007051989], [127.78395232, 36.0005940642], [127.784013342, 36.0004697557], [127.784071136, 36.0003405494], [127.784051007, 36.0001955379], [127.784020314, 36.0001099788], [127.783971694, 36.0000860604], [127.783826104, 36.0000547945], [127.783635344, 36.0000375103], [127.783502184, 35.999952623], [127.783355325, 35.9998805321], [127.783267895, 35.9998432073], [127.783220116, 35.9997757349], [127.783191116, 35.9996851501], [127.783094851, 35.9995419162], [127.782991672, 35.9994484559], [127.782887118, 35.9992895038], [127.782847596, 35.9992119821], [127.782731911, 35.9991590737], [127.782619681, 35.9991307168], [127.782490106, 35.9990711524], [127.782402207, 35.9990139448], [127.782345009, 35.9989798025], [127.782260974, 35.9989629645], [127.782198586, 35.9989296616], [127.782172345, 35.9988552885], [127.782115514, 35.9987552969], [127.782050235, 35.9986533696], [127.781950655, 35.9985362769], [127.781915987, 35.9984093317], [127.781910922, 35.998273395], [127.781866207, 35.9981768489], [127.781813077, 35.998057039], [127.781773089, 35.9979037067], [127.781733988, 35.9978303725], [127.781645641, 35.9977743848], [127.781527349, 35.9976551453], [127.781487587, 35.9975364061], [127.781444853, 35.9974242769], [127.781356321, 35.997282323], [127.781271456, 35.9971594914], [127.781194051, 35.9970439109], [127.781135893, 35.9969335555], [127.781105726, 35.9967440881], [127.781076524, 35.9966078489], [127.781026056, 35.9964682712], [127.780965269, 35.9963373384], [127.780905396, 35.9962541664], [127.780812491, 35.9961549668], [127.78070888, 35.9961308544], [127.780565566, 35.9960809372], [127.780444234, 35.9960346818], [127.780354079, 35.9959879792], [127.780295865, 35.9959205005], [127.780216345, 35.9958533019], [127.780122289, 35.9957845989], [127.780038698, 35.9957189875], [127.779953535, 35.9956579806], [127.779863769, 35.995605602], [127.779786486, 35.9955605069], [127.779626559, 35.9954881592], [127.77947542, 35.9954178035], [127.77932261, 35.9953284835], [127.779219847, 35.9952350505], [127.779113222, 35.9951928519], [127.779007511, 35.9951125891], [127.778873464, 35.9950313964], [127.778746359, 35.9949439672], [127.778636455, 35.9948987541], [127.77855022, 35.9948310995], [127.778462168, 35.9947468105], [127.778413997, 35.9946827695], [127.778336097, 35.9946176409], [127.778235323, 35.9945741274], [127.778088707, 35.9944829335], [127.7779955, 35.9944347448], [127.777873028, 35.9944123085], [127.777744412, 35.9943685822], [127.777640945, 35.9943257246], [127.777547577, 35.99426425], [127.777419344, 35.9941276171], [127.777399749, 35.9940282614], [127.777372683, 35.993914561], [127.777289134, 35.993856823], [127.777203401, 35.9938167051], [127.777099413, 35.9937651213], [127.776976826, 35.99371487], [127.776823008, 35.9936321267], [127.776687206, 35.9935733487], [127.776546231, 35.9935237955], [127.776408741, 35.9934894545], [127.77629709, 35.9934616186], [127.776129601, 35.9934507163], [127.775976496, 35.9933667471], [127.775897714, 35.9933334217], [127.775832298, 35.993306968], [127.775753727, 35.9932592452], [127.775705285, 35.9932144223], [127.775627163, 35.9931412626], [127.775568421, 35.993084476], [127.775464531, 35.9930188232], [127.775356961, 35.9929555128], [127.775282648, 35.9928540042], [127.775265986, 35.9927869682], [127.775316082, 35.992717692], [127.775365336, 35.992690122], [127.775367748, 35.9926500107], [127.775342143, 35.9925732895], [127.775367803, 35.992541174], [127.77543876, 35.99248853], [127.775471736, 35.9924533409], [127.775533775, 35.9923632776]], "waypoints": [{"coordinates": [127.775435453, 35.9923697143],