{"mountain_name": "도봉산", "mnt_code": 482501001, "blackyak_id": 28, "track": [[128.91596386, 35.2877835273], [128.916030463, 35.2878661854], [128.916059128, 35.2879813794], [128.916073072, 35.2880882717], [128.916072404, 35.2882496704], [128.916104828, 35.2884278544], [128.916163946, 35.2887553595], [128.916179612, 35.2889444834], [128.916257177, 35.2891399853], [128.916372462, 35.289317248], [128.916486092, 35.2894539183], [128.916649916, 35.2895947368], [128.916794043, 35.2896715407], [128.916923124, 35.2897633234], [128.917042484, 35.289827696], [128.917155471, 35.2898903934], [128.91726428, 35.2899746497], [128.9173504, 35.2900651775], [128.917379996, 35.290235846], [128.917414289, 35.2903667479], [128.917433079, 35.2904191234], [128.917512624, 35.2905627891], [128.917561155, 35.2906569182], [128.917602897, 35.2907791264], [128.917683782, 35.2908511259], [128.91777087, 35.2909170919], [128.917799285, 35.2909403942], [128.91785076, 35.2909866234], [128.917929392, 35.291047976], [128.917967851, 35.2910789493], [128.921587165, 35.2874945714], [128.921634396, 35.2875895711], [128.92165855, 35.2876657714], [128.921649185, 35.2877486522], [128.921632097, 35.2878334256], [128.921688047, 35.2879188641], [128.92169775, 35.2879796543], [128.921715337, 35.2880657186], [128.921558044, 35.2880359159], [128.921473941, 35.287989557], [128.921367851, 35.2879717117], [128.921250531, 35.287924526], [128.921104414, 35.2879115331], [128.920963003, 35.2879891247], [128.920921839, 35.2880623743], [128.920932982, 35.2882583965], [128.920869499, 35.2883793644], [128.920809211, 35.2884623304], [128.920721697, 35.2885329611], [128.920625529, 35.2885499095], [128.920463554, 35.2885549757], [128.920256337, 35.2886206844], [128.920127546, 35.2887582387], [128.920068372, 35.2888508346], [128.920007355, 35.288946311], [128.91992414, 35.2890422003], [128.91987129, 35.2891092602], [128.919548122, 35.2893851359], [128.919494995, 35.28943638], [128.919484306, 35.2894871252], [128.91947764, 35.2895473148], [128.919432007, 35.2895858153], [128.919285961, 35.2896191672], [128.919182736, 35.2896741621], [128.919027323, 35.2898341732], [128.91886612, 35.2898835212], [128.918652507, 35.2900252326], [128.918522994, 35.2901216636], [128.918477858, 35.290188632], [128.918494449, 35.2902548761], [128.918465241, 35.2903501319], [128.918400871, 35.2904204892], [128.918209244, 35.2904955023], [128.918082264, 35.2905159745], [128.918037844, 35.2906240626], [128.918106022, 35.2907719599], [128.91813066, 35.290857092], [128.918143337, 35.290920218], [128.918109775, 35.2909870504], [128.918056315, 35.2910193151], [128.917967851, 35.2910789493], [128.9179734, 35.2910834176], [128.918011131, 35.2911446124], [128.91806692, 35.2911872414], [128.918112349, 35.2912287315], [128.918159539, 35.2912618399], [128.918159036, 35.2912727358], [128.918218128, 35.2913134721], [128.918224163, 35.2913185852], [128.918261379, 35.2913430599], [128.918334218, 35.2913647688], [128.918380067, 35.2913958662], [128.918389622, 35.2914005602], [128.918467741, 35.2914183301], [128.918499106, 35.2914232665], [128.918545758, 35.2914121772], [128.918600427, 35.2914023197], [128.918681144, 35.2913721455], [128.918729676, 35.2913640994], [128.918752725, 35.2913588177], [128.918798596, 35.2913649603], [128.918875521, 35.2913955311], [128.918917766, 35.2914071823], [128.918970237, 35.291398632], [128.919036537, 35.2913911724], [128.919105437, 35.291400728], [128.919146138, 35.2914443277], [128.919157014, 35.2914980793], [128.919201909, 35.2915268656], [128.91921244, 35.2915715669], [128.919217335, 35.2916058328], [128.919279277, 35.2916426293], [128.919335268, 35.2916816894], [128.919355888, 35.2917545282], [128.919357139, 35.2918211688], [128.919366033, 35.2919352203], [128.91935329, 35.2920208211], [128.919368761, 35.2921013357], [128.919332439, 35.2922067797], [128.919238877, 35.2923521583], [128.919207947, 35.2924028679], [128.919173246, 35.2924772164], [128.919170556, 35.292499819], [128.91918364, 35.2925013551], [128.91916235, 35.2925117492], [128.919140054, 35.2925405828], [128.919135528, 35.2926099853], [128.919127566, 35.2926781302], [128.919124128, 35.2927707502], [128.919163188, 35.2928807201], [128.919240386, 35.2929412384], [128.919288246, 35.2929945472], [128.919323476, 35.2930234589], [128.919337968, 35.2930625451], [128.919347255, 35.2931401399], [128.919329779, 35.2931701108], [128.91932454, 35.293188923], [128.91928833, 35.2932053521], [128.919216833, 35.2932643601], [128.919209456, 35.2933374504], [128.919185485, 35.2933938612], [128.919144329, 35.2934265501], [128.919089595, 35.2935002271], [128.919018853, 35.2935648509], [128.918950539, 35.2936081864], [128.918885658, 35.293655238], [128.918825695, 35.2937082899], [128.918782147, 35.2937354231], [128.918772591, 35.2937629163], [128.918745685, 35.2938059993], [128.918666644, 35.2939061624], [128.918609898, 35.2940251856], [128.918589219, 35.2940738426], [128.918571263, 35.2941617978], [128.918573506, 35.2942116366], [128.918595985, 35.2942940155], [128.918611323, 35.2943564385], [128.918652562, 35.2944457894], [128.918663752, 35.2945398689], [128.918664876, 35.2945968852], [128.918680934, 35.2946476745], [128.918703776, 35.2947361385], [128.918667467, 35.2948074728], [128.918631524, 35.2948731833], [128.918624148, 35.2949262405], [128.918616856, 35.2950494543], [128.918620376, 35.2951024278], [128.918624399, 35.2951530539], [128.918648732, 35.2952686492], [128.91870228, 35.2953223933], [128.918694553, 35.2953683656], [128.918730489, 35.2954358256], [128.918742333, 35.2955065191], [128.918780722, 35.2955892492], [128.918838182, 35.2957398276], [128.91884338, 35.2958045293], [128.918850282, 35.2958471641], [128.918812824, 35.2959594775], [128.91880637, 35.2960612337], [128.918737665, 35.2962515391], [128.918727329, 35.2963289523], [128.918697573, 35.2963985208], [128.918691035, 35.2964771444], [128.9186613, 35.2965563155], [128.918647965, 35.2966150022], [128.918640241, 35.2966807399], [128.918621755, 35.2967536729], [128.918582322, 35.2968312793], [128.918595565, 35.2970149258], [128.918624735, 35.2971123237], [128.918652898, 35.2972152545], [128.918668237, 35.2972796267], [128.91871945, 35.2973953812], [128.918755492, 35.2975216958], [128.918795293, 35.297619461], [128.918817937, 35.297675085], [128.918831208, 35.2977327746], [128.918857566, 35.2977644767], [128.918914078, 35.2977954487], [128.919039555, 35.297831491], [128.919066964, 35.2978432263], [128.919197051, 35.2978470821], [128.919414394, 35.2979088558], [128.919493183, 35.2979545378], [128.919725446, 35.2980622455], [128.919779174, 35.2980835351], [128.91993315, 35.2981163924], [128.920006492, 35.2981279595], [128.92007187, 35.298107675], [128.920083018, 35.298105664], [128.920137333, 35.2981006344], [128.920169855, 35.2980783394], [128.920231378, 35.2980560433], [128.920281585, 35.2980835093], [128.920348344, 35.2980993774], [128.920432879, 35.2980884814], [128.920487619, 35.2980900901], [128.920538175, 35.298096299], [128.920583836, 35.2981246905], [128.920666398, 35.2981346652], [128.920678552, 35.2981460638], [128.920762036, 35.2982258599], [128.920896398, 35.2982556159], [128.920976361, 35.2982682721], [128.920988683, 35.298272547], [128.921075771, 35.2982909872], [128.921104772, 35.2982916582], [128.921311134, 35.2983207427], [128.921347763, 35.2983156305], [128.921507857, 35.2983646637], [128.921556976, 35.2983698614], [128.921647165, 35.298404646], [128.921701647, 35.2984055679], [128.921877248, 35.2984504954], [128.921899544, 35.2984628159], [128.921994117, 35.2984901482], [128.922081114, 35.298515383], [128.922138026, 35.2985799625], [128.922229372, 35.2986477209], [128.922256949, 35.2987238287], [128.922385528, 35.2988233217], [128.922473537, 35.2989313648], [128.922480578, 35.2989418425], [128.922528857, 35.2989699221], [128.922614018, 35.2990539924], [128.922721725, 35.2991582633], [128.922782326, 35.2991910357], [128.922788026, 35.2991956465], [128.922862038, 35.2992620309], 